train_c_index,val_c_index,test_c_index
0.7918036253850256,0.6802323194386771,0.670439855539169
